NoOfThreads;TimeInMilis
2161.49263;1
1101.99601;2
804.81107;3
603.45078;4
501.21603;5
442.36522;6
429.85798;7
421.5711;8
405.55024;9
392.45238;10
378.78451;11
372.22274;12
375.01362;13
373.20249;14
373.63814;15
374.22297;16
376.75609;17
377.11736;18
379.10381;19
379.05086;20
