TimeInMilis;NoOfThreads
15463.91535;1
7833.02383;2
5473.51253;3
4245.07301;4
3621.60214;5
3274.14011;6
3152.03945;7
3067.56846;8
2952.2339;9
2839.32774;10
2767.42671;11
2736.20907;12
2732.60774;13
2743.75043;14
2734.64808;15
2731.91533;16
2735.62432;17
2726.03658;18
2721.55701;19
2728.70523;20
2747.07717;21
2753.05093;22
2749.12783;23
2739.76712;24
2756.08869;25
2755.70656;26
2745.2427;27
2732.14797;28
2756.53761;29
2757.81133;30
